date,gprnk,gprnk_negative,gprnk_positive,threat,sanction,talks,economic_cooperation,gprnk_raw
1995-01-01,66.36,48.4235,136.4962,49.4925,31.7307,105.5943,282.6767,55.8033
1995-02-01,81.7314,54.1261,101.9411,58.2062,9.5657,77.5929,182.2649,63.3428
1995-03-01,69.3272,60.3415,136.2722,64.8938,15.5395,108.9314,243.4965,56.2168
1995-04-01,86.7928,59.7438,93.1355,63.9095,24.6951,93.5581,76.1649,65.9562
1995-05-01,69.625,47.8573,127.0319,50.8882,16.525,118.243,143.5411,57.8046
1995-06-01,50.3977,27.0782,181.3995,27.3813,14.0885,170.6304,249.9169,41.3175
1995-07-01,58.7559,24.8549,147.4559,25.7288,21.4471,131.5402,311.1944,52.5555
1995-08-01,70.0935,23.842,110.6822,25.4028,11.3276,94.4907,181.7219,62.4181
1995-09-01,77.0378,26.6395,94.0163,26.925,20.1773,79.2838,161.1698,67.6695
1995-10-01,85.9395,44.0564,85.3214,46.9478,9.6488,71.0651,156.4375,76.9773
1995-11-01,69.8423,46.0387,123.3511,48.0225,18.6376,99.4709,283.4146,64.5584
1995-12-01,126.6239,113.093,59.926,119.2811,30.0931,45.7913,107.8573,113.7847
1996-01-01,96.5351,60.3485,77.9333,63.1359,22.1514,76.024,82.1188,88.3283
1996-02-01,108.8413,50.2059,50.5102,46.6398,50.2278,39.4467,93.037,97.7871
1996-03-01,97.6419,79.0894,87.5408,85.1646,8.7767,88.5075,78.6819,91.9148
1996-04-01,90.7154,124.0743,122.571,131.7432,54.1896,119.3834,126.2265,94.8353
1996-05-01,79.6343,52.9196,107.0525,53.1978,38.4363,99.0254,141.1427,73.0981
1996-06-01,89.6059,38.6891,77.6121,37.8712,22.2755,68.295,92.8866,81.0689
1996-07-01,76.6248,36.1001,103.2638,35.9342,21.0106,74.2824,234.8055,67.87
1996-08-01,93.5924,28.698,64.6621,30.7892,9.3987,46.7495,154.1132,86.4143
1996-09-01,103.1739,80.8602,79.3419,85.2394,38.6023,49.7944,196.9344,100.2901
1996-10-01,138.0036,162.972,75.4377,174.8452,37.0865,66.8236,110.2156,132.6111
1996-11-01,76.5685,88.2801,132.7127,89.4384,43.7957,133.2644,183.4219,74.8997
1996-12-01,95.1632,56.9746,73.5072,57.3885,47.2396,68.6143,110.4579,86.862
1997-01-01,71.9689,40.8428,108.9797,38.2105,42.4927,101.2111,140.3138,65.5869
1997-02-01,97.0429,36.9754,55.1165,37.5505,22.6262,51.6795,56.3244,88.5011
1997-03-01,84.6457,29.1543,75.7859,29.4216,13.476,68.6151,99.9438,79.5515
1997-04-01,91.7707,58.6271,76.1967,60.7006,27.8445,70.0723,92.8451,86.4897
1997-05-01,93.1253,49.525,69.157,52.5834,11.8872,67.2312,60.6727,80.7511
1997-06-01,95.6768,77.3034,77.9375,83.9926,5.7556,74.1928,97.2175,90.8647
1997-07-01,134.6105,145.4912,64.0837,157.2337,12.7544,64.7747,57.2263,131.7693
1997-08-01,84.0479,40.4826,78.7835,40.8188,25.8829,76.1609,71.5142,80.1862
1997-09-01,97.3607,54.6707,62.6348,56.7706,28.4225,53.0106,97.0335,87.2919
1997-10-01,90.9566,48.6131,70.6139,50.2965,26.6277,62.2502,100.8479,89.281
1997-11-01,76.2273,32.5566,90.116,33.6292,25.7062,91.3195,76.9708,70.9748
1997-12-01,70.8667,30.544,104.271,32.5568,12.2051,104.0441,117.2143,69.9968
1998-01-01,73.4045,35.9763,98.6953,39.2491,16.0421,77.5035,185.8967,69.8694
1998-02-01,72.7944,16.6443,92.7083,16.8106,11.8135,86.4694,161.1969,65.0793
1998-03-01,71.2223,19.258,96.0567,14.9399,34.2619,87.5095,142.4993,65.8513
1998-04-01,58.2072,14.1012,129.6235,14.4001,16.6316,120.3725,186.2892,50.1145
1998-05-01,98.0942,57.5935,63.4931,59.5283,94.2149,50.9099,113.7816,92.5968
1998-06-01,80.2561,60.4372,98.4668,62.9758,32.5864,77.4108,193.3888,74.8212
1998-07-01,88.785,90.9456,97.9598,94.9937,41.7982,76.6738,177.0147,82.4545
1998-08-01,87.9174,45.8607,74.7867,46.8233,26.959,61.8724,120.0971,82.0383
1998-09-01,117.1722,136.2791,80.4842,145.9426,47.2503,72.7293,93.4789,117.6814
1998-10-01,76.3965,38.1371,92.9575,38.802,24.2473,72.1459,190.8413,75.232
1998-11-01,65.6955,55.9107,129.749,58.4799,25.261,96.8495,320.1422,60.1164
1998-12-01,106.8383,68.8674,56.1858,68.5553,52.8456,36.6656,126.0033,99.94
1999-01-01,89.6584,104.518,106.9919,112.6956,22.9424,98.1044,143.773,96.8418
1999-02-01,74.4411,58.1436,108.3493,60.5119,33.4768,99.3065,115.2319,71.3976
1999-03-01,95.9921,94.6321,87.2449,95.49,62.5601,84.0596,95.7628,93.5383
1999-04-01,90.0009,44.8366,73.0966,43.5762,41.984,58.0263,121.3419,94.219
1999-05-01,66.6309,51.7876,129.9672,54.6469,32.3772,118.4797,205.8606,65.3181
1999-06-01,93.5847,142.8267,119.6457,153.6809,26.5352,120.4991,95.4805,86.6217
1999-07-01,104.2549,158.166,112.2136,167.866,58.0076,119.9803,86.3186,93.4711
1999-08-01,105.3477,93.984,72.5545,99.1177,43.2679,73.3925,61.8231,109.6252
1999-09-01,72.1225,113.8782,147.2049,116.6547,82.8142,151.3486,140.3239,74.8485
1999-10-01,94.6289,60.6685,71.3514,60.5841,39.7937,50.4361,174.6934,91.7705
1999-11-01,89.8076,65.3326,81.1776,69.5575,20.5527,81.5179,82.8226,86.4194
1999-12-01,77.1139,41.1775,92.8911,40.7298,25.888,85.4124,110.5634,74.3532
2000-01-01,79.229,53.319,99.8145,56.0593,39.5087,93.9534,143.8703,77.3957
2000-02-01,92.2887,54.3103,71.4773,56.7196,15.45,65.253,90.3444,89.6267
2000-03-01,75.1342,65.2221,111.4797,69.5465,14.0171,93.7608,225.7379,71.0989
2000-04-01,35.2389,25.8166,254.8886,24.9191,25.2025,247.2019,469.2406,32.8366
2000-05-01,42.3585,32.5294,211.8067,33.9673,15.166,221.0977,181.647,39.1686
2000-06-01,46.4759,38.9705,192.1539,41.1431,8.8427,188.0598,310.1726,46.3291
2000-07-01,58.1712,52.1536,150.559,54.2256,18.6862,153.0908,169.5806,56.9068
2000-08-01,69.1988,33.7661,108.6883,35.295,10.1598,106.1636,146.6266,67.4166
2000-09-01,56.3093,50.9934,156.7574,54.9354,9.1017,163.2218,226.0628,55.8534
2000-10-01,58.44,32.8371,137.5032,34.0582,12.9904,140.6605,119.3522,60.4735
2000-11-01,66.1675,24.828,112.1319,26.3686,4.4595,104.3552,173.8992,63.7238
2000-12-01,72.0245,52.6881,112.2578,55.3593,31.6373,105.296,205.949,71.1128
2001-01-01,74.2735,51.888,104.8662,51.9715,37.7426,93.1155,172.789,77.2763
2001-02-01,68.6137,55.5966,122.1135,55.6021,51.8598,114.5408,190.174,70.4054
2001-03-01,65.3248,87.6683,148.9748,93.8264,19.701,158.1765,96.5178,68.0421
2001-04-01,93.3117,41.6902,62.0634,37.6573,49.1451,50.4884,106.6598,85.8438
2001-05-01,72.5135,73.3804,122.9649,76.6237,34.7097,127.9478,64.8709,68.9543
2001-06-01,64.5023,66.3443,138.6415,69.4203,27.5585,146.6722,108.5674,61.5451
2001-07-01,75.1999,60.0696,107.0886,62.9534,30.7244,110.2878,78.3906,70.7323
2001-08-01,72.8013,48.3563,106.7557,44.5719,66.8121,112.9393,71.6027,70.9225
2001-09-01,53.606,52.1564,170.1969,54.1236,26.7694,182.4723,163.1211,48.8959
2001-10-01,63.7515,67.8486,145.6221,62.4218,81.021,129.6221,297.916,59.4098
2001-11-01,105.5372,78.7384,65.2636,78.6513,74.9569,54.6498,135.976,91.3871
2001-12-01,95.414,53.5926,69.4854,50.9404,53.7391,64.8209,91.8812,86.5088
2002-01-01,79.7518,75.378,109.2788,81.104,30.9606,112.3118,114.9047,78.8722
2002-02-01,92.6087,156.8829,130.5611,159.1425,144.9082,143.7242,70.7481,109.133
2002-03-01,88.9439,80.7416,96.3679,78.522,65.4313,97.4543,67.6815,86.3407
2002-04-01,60.7391,63.1104,155.2627,67.9305,14.8583,148.3657,345.5532,59.229
2002-05-01,71.9947,21.8967,96.8276,19.8664,29.5533,66.6147,223.5183,64.0075
2002-06-01,93.4459,84.3394,88.0281,91.8665,13.9942,88.2466,73.0741,90.3181
2002-07-01,106.2602,126.6032,91.795,136.7423,27.85,97.7487,52.2021,105.2726
2002-08-01,46.3691,42.4482,195.6721,44.5653,10.3483,190.7876,426.1053,42.9293
2002-09-01,58.7359,43.8331,145.7504,43.6461,31.4965,138.2811,196.0941,55.5991
2002-10-01,72.2114,75.6514,126.8483,74.415,71.885,133.2452,86.243,69.0657
2002-11-01,89.1813,83.2911,94.3663,71.5041,135.2229,81.5896,171.0805,85.4794
2002-12-01,122.9895,164.948,89.9811,166.3614,143.6328,96.5936,39.776,125.8652
2003-01-01,91.3034,116.4359,112.0884,117.4797,108.8577,119.6509,61.9672,92.8749
2003-02-01,114.4632,116.6055,72.0763,117.9565,105.5693,68.5082,101.0433,118.0233
2003-03-01,156.2195,163.5727,48.3286,171.2125,83.091,49.7983,31.2712,159.7826
2003-04-01,90.3256,110.6005,109.4068,106.282,128.0546,119.2018,60.1579,82.6753
2003-05-01,76.5711,112.4034,136.2784,113.7918,111.6235,130.2179,223.2034,79.6281
2003-06-01,85.9665,114.7307,118.6213,108.2311,172.078,121.6478,98.0596,83.1639
2003-07-01,84.0782,100.0861,115.6512,100.7786,87.2197,124.6245,82.8031,81.9932
2003-08-01,63.4061,54.7185,137.269,50.5996,63.0908,124.9391,188.4928,56.673
2003-09-01,102.9638,82.0792,69.235,77.8281,84.0006,70.4667,46.2957,98.5267
2003-10-01,82.23,58.0502,92.9829,59.7724,26.7167,93.2114,98.0296,76.1239
2003-11-01,76.0893,55.7776,109.7743,55.1968,47.093,109.2389,97.552,70.795
2003-12-01,93.9883,70.7435,84.015,72.743,63.719,79.7966,90.4737,80.3093
2004-01-01,94.9839,58.6899,69.5581,59.6449,46.5545,72.0932,50.5892,91.5143
2004-02-01,61.6067,62.8961,151.3851,55.9628,116.0917,159.1654,90.8564,56.5636
2004-03-01,81.6558,55.7651,92.7762,55.9695,40.5661,84.9725,143.9803,76.9244
2004-04-01,89.2655,31.005,62.3902,31.3059,17.49,60.4404,59.493,81.5142
2004-05-01,80.8002,91.8386,114.8056,91.6467,73.758,113.0413,119.4957,74.9568
2004-06-01,77.4465,91.1228,124.3323,93.5664,63.5642,121.9675,168.1927,78.8791
2004-07-01,93.7332,60.4991,72.5337,58.5709,53.1716,71.1621,80.4335,89.2794
2004-08-01,107.1051,56.6878,48.1506,60.0502,23.8633,43.1406,67.8728,98.0694
2004-09-01,113.5068,76.8596,51.094,75.2909,59.2397,51.8299,54.5467,104.1971
2004-10-01,102.9354,86.2379,71.8049,82.9616,92.0369,75.5602,40.372,96.874
2004-11-01,79.2864,99.603,121.9518,99.5892,86.4498,134.3183,79.5774,76.0127
2004-12-01,89.5992,55.0681,75.6126,45.4636,110.3421,77.1781,62.4775,83.9283
2005-01-01,97.0759,71.2308,72.9954,67.1443,109.2166,72.2561,86.988,96.5161
2005-02-01,71.1091,96.8282,142.6559,90.8702,120.4968,150.506,103.7648,64.5576
2005-03-01,92.8968,83.0092,89.4382,74.6934,117.6987,88.7738,62.9051,87.0921
2005-04-01,85.8226,84.4381,104.1451,77.5709,107.0317,107.4825,65.3696,77.0924
2005-05-01,72.2475,125.0849,157.2585,113.7829,204.7718,173.1611,56.9574,64.2437
2005-06-01,58.6903,72.521,164.4215,63.8484,109.4751,182.7963,88.8063,53.5277
2005-07-01,43.8443,50.4382,214.5483,49.32,45.044,223.6127,208.5583,40.4567
2005-08-01,59.573,35.2645,140.303,36.1405,22.5608,150.4695,71.1316,50.2344
2005-09-01,49.3428,49.8359,186.7373,49.7408,40.7687,190.8036,178.1807,43.8097
2005-10-01,72.9494,43.3284,104.4416,42.7908,41.2663,94.6254,164.2119,67.8675
2005-11-01,63.5668,50.8064,135.7532,33.0202,153.4091,130.6604,149.7315,60.6635
2005-12-01,91.4549,81.9114,87.8745,46.3313,326.9647,87.797,85.6914,88.2747
2006-01-01,70.96,76.2367,130.5956,58.1979,170.1492,142.8679,59.0361,62.2481
2006-02-01,84.7975,72.3677,96.4835,59.1176,145.3936,97.7605,75.0713,77.5292
2006-03-01,101.3282,86.1233,76.0243,77.7924,119.9876,73.9843,66.0039,89.9352
2006-04-01,77.3919,54.512,101.577,43.383,102.1281,102.6313,106.7239,70.0522
2006-05-01,78.8871,73.9272,110.5895,57.0813,185.6788,102.8417,148.4296,67.7109
2006-06-01,145.7739,181.8565,74.0997,183.7964,138.9643,64.3268,111.7953,132.9305
2006-07-01,171.4084,237.5349,75.1896,220.0708,475.1728,78.6093,43.6129,167.8422
2006-08-01,132.9943,132.7864,60.9728,128.9266,169.1172,62.6442,37.2295,133.722
2006-09-01,90.3146,140.7663,129.9242,136.0509,171.5586,141.2232,47.8092,84.5265
2006-10-01,145.3767,194.1011,78.0649,176.2299,403.1922,79.7527,60.811,153.5553
2006-11-01,67.8056,102.5894,158.3203,78.707,256.9117,173.6161,72.0618,65.1174
2006-12-01,68.5928,94.297,149.3095,87.8724,145.985,165.4762,41.6446,62.1211
2007-01-01,72.2861,74.3011,130.7503,68.1479,98.1477,143.1263,48.9728,68.3677
2007-02-01,44.5776,73.8912,230.2246,71.1135,68.8948,259.5306,78.7986,39.0819
2007-03-01,47.1112,49.0725,207.5648,40.1458,110.1913,225.3879,146.7811,42.5547
2007-04-01,55.8347,48.5017,164.3326,40.9421,81.7373,161.2547,193.0643,48.7338
2007-05-01,61.6909,64.2796,151.9432,65.4604,46.3387,152.5208,188.7584,58.2344
2007-06-01,60.1427,61.3131,158.1446,55.6897,84.0285,172.3344,61.6233,52.5732
2007-07-01,52.7518,41.7211,178.0823,41.6442,51.9398,187.5309,88.1002,52.0695
2007-08-01,42.0932,29.0293,211.5444,29.3801,25.7025,212.2143,308.486,41.7187
2007-09-01,46.0234,38.7272,198.155,34.1107,68.9486,201.2894,201.2807,44.8831
2007-10-01,39.807,34.1898,233.3043,34.6636,37.9867,241.5069,369.7917,41.3065
2007-11-01,49.7562,30.8806,176.3202,30.758,24.5066,174.3854,300.0542,48.6359
2007-12-01,59.137,38.2092,143.8846,35.934,37.6447,140.9106,190.7362,55.2462
2008-01-01,66.5269,39.1425,123.4255,34.8415,71.4209,113.3229,188.2957,65.0602
2008-02-01,77.7878,37.6951,95.1135,32.6831,63.4586,95.8604,99.104,73.8495
2008-03-01,89.724,99.3458,103.0068,99.6304,165.6998,108.6878,118.3586,85.3884
2008-04-01,66.2167,93.3735,152.5769,87.3955,147.0953,166.6256,84.4856,62.9978
2008-05-01,58.7401,39.138,149.9428,37.6632,64.5819,162.0234,80.5029,53.0156
2008-06-01,59.3239,52.7171,152.9534,46.2624,81.0029,163.1402,96.665,54.5134
2008-07-01,73.6674,50.0782,105.8688,43.072,105.5875,115.5966,47.9199,62.4083
2008-08-01,78.5555,53.7266,100.4894,45.4833,110.4121,107.8614,55.3916,70.2868
2008-09-01,81.7363,63.5149,95.9268,62.308,56.2988,104.0276,49.949,75.0072
2008-10-01,71.7041,77.618,131.6656,66.5834,149.7284,139.9482,84.1195,64.4629
2008-11-01,78.383,88.2257,119.6587,78.9094,132.333,117.5706,121.7192,64.7917
2008-12-01,81.2086,63.8228,100.4273,57.4739,115.1414,108.6857,54.635,62.1419
2009-01-01,103.4304,127.4256,94.1716,131.9132,124.8795,98.1984,65.4882,118.8419
2009-02-01,162.1777,226.0729,77.819,240.8874,93.7783,86.6348,9.4082,178.1946
2009-03-01,143.3135,203.5095,86.2656,201.5032,233.2711,94.2222,29.7809,158.563
2009-04-01,138.7859,205.3553,92.3893,180.8347,495.3875,101.2306,27.2089,139.5033
2009-05-01,162.899,225.0325,76.8952,226.0726,346.7341,82.6293,31.7594,172.2971
2009-06-01,153.3982,246.9101,99.5541,241.3862,346.9961,108.7566,44.4462,159.9592
2009-07-01,116.9386,130.6269,77.8658,119.7341,236.9605,86.3416,16.7707,109.5583
2009-08-01,64.2721,66.982,142.707,59.0774,113.5691,151.7033,85.331,60.5208
2009-09-01,81.9192,88.8747,112.0591,84.2049,131.0895,122.7943,37.7862,78.6102
2009-10-01,65.3182,72.0318,144.9447,71.1617,62.6652,159.6082,65.7797,60.979
2009-11-01,70.1235,98.4086,146.4923,104.199,64.8091,158.904,69.4697,69.2447
2009-12-01,78.9996,52.3534,96.1269,48.168,74.8321,103.4939,48.0018,75.0219
2010-01-01,81.089,101.9689,120.0287,102.6471,120.2621,127.2651,64.0294,84.1388
2010-02-01,61.587,94.8688,171.706,90.2986,109.7484,192.1214,62.2446,57.4882
2010-03-01,110.4421,90.0941,62.8369,91.2828,68.6923,66.411,35.767,105.671
2010-04-01,122.9286,120.103,63.4888,121.5707,91.0934,68.2931,30.0214,119.7828
2010-05-01,117.0328,163.3737,94.0993,154.5369,299.7246,99.8505,61.896,132.9555
2010-06-01,144.2874,147.7096,51.3643,145.4445,177.8257,53.6985,34.0385,165.8512
2010-07-01,123.5815,166.4409,86.6861,151.6717,371.7218,95.9287,16.9651,135.2607
2010-08-01,105.8291,106.1893,77.4791,104.6286,131.3886,81.6393,44.3324,107.671
2010-09-01,91.7342,78.2606,84.4977,79.6971,59.5159,90.6829,35.5184,89.9245
2010-10-01,97.0564,77.5403,75.6971,81.2733,40.8884,83.0426,25.8759,95.323
2010-11-01,184.7536,241.1984,63.0779,256.6006,150.3606,70.0564,14.9979,206.0031
2010-12-01,190.7812,258.0971,66.7527,273.6004,128.9418,72.5354,19.7203,221.89
2011-01-01,92.5982,200.9201,153.5815,214.9081,78.3413,169.3192,44.0313,115.508
2011-02-01,154.9122,177.0863,56.5728,187.5551,81.2818,62.9273,12.4825,143.0645
2011-03-01,136.91,137.8944,55.2832,141.9258,92.562,60.8496,15.7074,132.1673
2011-04-01,100.3579,104.4762,84.8626,108.4805,49.5432,91.3954,26.3697,99.1754
2011-05-01,82.2172,79.2809,105.0909,78.4875,73.5374,105.4527,106.7607,77.3662
2011-06-01,107.0251,91.6195,68.4148,91.6943,79.7539,64.137,83.3325,104.2903
2011-07-01,73.2856,72.0749,122.0528,74.1399,58.1663,133.6548,41.1979,71.0234
2011-08-01,88.9732,71.6064,88.2593,73.4539,54.6616,93.5741,76.1809,85.7579
2011-09-01,84.7674,63.4007,91.428,62.4519,46.3811,91.2191,85.7296,83.5795
2011-10-01,85.7412,87.8702,102.6073,94.15,22.1292,109.9468,52.4181,85.0903
2011-11-01,125.2445,115.8603,57.926,121.8415,47.6561,60.9577,35.9448,128.5627
2011-12-01,106.0862,72.5472,58.1063,74.5016,49.2824,59.588,40.2683,103.5704
2012-01-01,104.9235,90.6327,73.0483,88.4335,91.442,79.3679,34.0444,109.5135
2012-02-01,95.7316,70.9461,75.9442,67.1903,91.0989,80.3397,38.4644,93.732
2012-03-01,99.4669,154.9189,116.2407,156.2441,161.4022,130.6557,18.9946,111.0223
2012-04-01,178.7925,177.9512,33.6493,179.6149,280.1825,36.1446,9.1253,193.9347
2012-05-01,128.7082,122.8717,55.8685,123.0503,98.5341,59.389,35.9459,129.0259
2012-06-01,140.7666,119.7591,39.5208,120.611,103.7061,39.3272,34.4225,154.9732
2012-07-01,125.3402,75.3527,33.0266,74.1647,63.9042,31.3042,34.8789,124.2357
2012-08-01,110.7069,75.8419,54.9137,72.9696,71.0875,46.4595,89.9298,109.0141
2012-09-01,119.8786,78.6327,43.5602,81.8406,44.044,35.5445,81.4557,120.2093
2012-10-01,124.0665,121.2816,61.8311,118.1053,97.298,62.7486,53.9246,129.7654
2012-11-01,110.4647,110.0955,73.4195,109.6518,106.1178,70.448,88.6572,126.6125
2012-12-01,145.1709,139.6023,46.3144,137.7056,195.1132,48.4714,35.3675,171.0453
2013-01-01,153.1323,166.7552,54.9377,153.0651,440.8481,51.9483,58.0036,181.4183
2013-02-01,200.5489,251.2251,54.7448,256.3957,332.5893,58.8799,26.7832,243.0542
2013-03-01,245.1203,304.9785,46.1364,317.1645,401.0037,50.0905,21.8615,287.8722
2013-04-01,222.1489,288.5316,55.7149,309.4562,148.8229,59.1559,26.5366,245.0822
2013-05-01,122.1977,173.0559,93.3005,178.7912,140.0836,99.6316,46.083,137.1259
2013-06-01,69.2713,102.1831,146.5279,101.1117,109.0888,160.9752,72.0447,62.7751
2013-07-01,76.359,106.3126,133.2636,102.7407,110.6482,148.1072,36.0363,66.8415
2013-08-01,68.3056,75.8468,136.9975,77.2446,52.4263,145.0565,105.7881,66.1499
2013-09-01,104.9349,111.7854,84.4421,111.2662,117.6779,91.5528,40.3598,101.9646
2013-10-01,124.0075,144.041,74.7344,148.6678,125.5151,76.0594,71.8721,133.6337
2013-11-01,106.5719,116.9712,83.4843,121.1476,79.2104,84.6812,103.3499,108.2369
2013-12-01,137.6655,105.4239,34.9496,109.0917,64.5697,32.1169,42.37,136.0769
2014-01-01,124.4581,109.3898,54.489,110.6071,86.482,56.6333,34.1204,144.3901
2014-02-01,102.8782,103.6595,81.2748,104.773,100.0868,82.3408,60.3963,102.7372
2014-03-01,123.4658,154.3377,81.0156,161.4868,138.8127,83.4419,60.5461,132.9727
2014-04-01,164.7091,208.1802,66.1434,220.6407,188.1042,71.1735,26.3912,185.0114
2014-05-01,141.36,162.9567,64.6454,168.9828,114.761,66.6811,34.5856,154.7092
2014-06-01,121.8312,143.1759,79.5996,146.9833,119.7717,85.377,62.8394,131.2207
2014-07-01,122.4716,164.8908,92.3739,162.5569,207.8638,97.8516,47.2822,131.9772
2014-08-01,117.9839,125.8802,73.1702,126.4852,163.5236,75.9611,68.2659,132.9812
2014-09-01,108.457,90.0804,67.4434,85.1759,129.5089,67.9831,49.3843,110.4973
2014-10-01,111.7844,168.6127,107.9034,168.6973,151.1548,114.3115,62.3326,107.894
2014-11-01,121.1307,140.6616,77.7673,127.081,202.8521,71.3101,116.9727,116.3003
2014-12-01,122.4032,106.3966,57.3434,99.5258,157.1071,57.9195,54.4579,122.0512
2015-01-01,104.1793,141.2646,103.968,132.0578,244.8872,105.9924,79.6368,99.0583
2015-02-01,139.3319,157.3233,64.7366,160.3446,139.3046,68.9205,24.8403,136.2869
2015-03-01,167.9458,193.3046,54.5382,195.6405,149.591,57.501,29.5203,176.308
2015-04-01,142.5364,178.1932,76.2534,173.4344,199.2944,78.3266,43.1043,146.1348
2015-05-01,166.8059,219.3523,69.0095,232.6096,153.185,72.4812,41.3276,181.5542
2015-06-01,165.605,175.4985,47.2379,179.173,167.0684,49.9099,30.9672,168.8184
2015-07-01,125.9564,121.9269,61.5377,121.4789,100.9261,57.7062,80.6637,122.602
2015-08-01,170.4616,304.9799,114.795,328.3346,81.6448,126.3364,43.3797,196.9911
2015-09-01,109.3465,201.3055,128.3944,215.0199,146.8411,139.015,57.9637,147.8783
2015-10-01,105.7478,134.2144,94.6351,139.5736,82.1069,100.3708,51.1034,115.9593
2015-11-01,99.0023,118.9545,97.9156,117.543,101.9628,102.1965,78.8037,93.7793
2015-12-01,113.7152,86.0206,57.4229,79.0878,107.8278,59.4603,44.052,98.7287
2016-01-01,175.8352,238.966,70.8917,236.7268,390.2533,78.1596,17.4531,199.2393
2016-02-01,229.42,294.2884,52.9738,301.6616,366.7543,54.8462,31.4276,268.9294
2016-03-01,228.7546,278.2711,44.4884,282.7612,436.4191,47.2221,19.2409,258.2258
2016-04-01,213.3844,261.252,49.485,268.9396,241.5172,54.63,17.8887,230.6037
2016-05-01,150.5361,152.1933,47.8096,154.8979,139.9125,47.3794,36.6552,169.0056
2016-06-01,161.9705,202.1341,63.5358,197.1072,294.6299,69.0824,18.5248,186.0351
2016-07-01,256.3718,313.0414,41.0051,310.9865,486.134,45.3512,12.6708,284.971
2016-08-01,257.1505,291.8487,28.7014,306.1181,279.6719,30.8537,13.5575,284.8182
2016-09-01,252.7406,338.6937,58.2447,352.5824,356.2863,62.5056,24.5551,285.433
2016-10-01,210.1742,262.5736,51.5469,268.8769,240.1506,55.0175,26.7353,224.1303
2016-11-01,213.256,254.5241,45.2715,265.4582,150.7148,47.7832,25.9856,221.7056
2016-12-01,196.8283,212.261,36.5174,214.3404,235.4655,38.8024,17.0722,202.2701
2017-01-01,273.8303,338.8268,41.7383,349.3879,290.6408,44.6733,25.2529,291.2283
2017-02-01,204.2422,227.7165,37.0283,231.3203,224.4203,40.7643,11.018,214.3451
2017-03-01,279.0353,344.7889,40.8908,355.1523,368.403,45.3545,9.0871,295.1313
2017-04-01,264.2983,360.1146,61.1178,382.965,251.6964,68.8382,9.7097,297.4118
2017-05-01,213.7612,336.0935,90.4079,351.8364,269.2888,99.7372,36.5352,239.1129
2017-06-01,176.2197,279.7463,92.6575,284.1776,249.1706,102.0733,26.3073,192.4943
2017-07-01,215.5723,355.8629,100.8746,368.9763,351.6941,112.2309,34.2136,259.8162
2017-08-01,328.9704,451.9474,62.1718,477.4285,367.9626,68.1235,21.3986,367.8566
2017-09-01,286.1861,381.1048,55.878,394.5469,432.6502,60.1715,29.3064,329.8217
2017-10-01,242.922,334.0105,63.9948,352.25,188.112,68.9388,35.1889,277.4093
2017-11-01,181.2203,279.9396,88.6656,291.2576,281.6136,94.6668,60.6195,222.514
2017-12-01,200.5752,282.0225,71.4501,292.8777,247.624,77.3189,36.5676,240.8086
2018-01-01,67.4329,126.8992,166.889,128.0227,185.0636,188.4341,16.9125,85.4966
2018-02-01,108.3927,107.7431,75.0168,99.0425,246.6708,85.5913,6.6704,124.697
2018-03-01,60.0892,113.1227,180.6567,109.3741,161.2777,202.2922,56.096,65.0297
2018-04-01,48.5177,59.864,194.0159,58.735,89.9111,214.5899,114.8426,54.274
2018-05-01,56.939,79.6247,171.1624,61.9844,293.0865,180.603,116.8691,56.8295
2018-06-01,48.9358,79.5569,203.8874,76.5501,113.9489,217.8705,126.3148,49.8475
2018-07-01,61.0857,87.9584,164.0334,65.5542,266.2833,169.4485,129.207,59.1149
2018-08-01,65.118,84.7222,148.9394,54.149,292.3889,156.0345,130.2435,64.5521
2018-09-01,49.597,70.031,195.8047,63.0572,143.8164,209.1198,164.7071,54.1074
2018-10-01,56.9173,68.4457,166.1364,56.4126,183.2251,177.5771,100.0724,57.2432
2018-11-01,67.245,91.7511,147.6792,73.1329,250.7584,148.8579,143.2879,66.3164
2018-12-01,71.4786,90.9598,137.2502,70.7106,246.1479,140.2125,111.2897,74.4841
2019-01-01,68.9453,101.3259,148.6863,98.2895,121.7458,159.5858,78.7294,71.1101
2019-02-01,54.6394,52.9055,166.0103,45.8848,118.3374,178.8038,122.3948,48.9155
2019-03-01,111.1908,132.4343,86.5349,104.2109,366.4285,76.9917,117.3314,52.4937
2019-04-01,84.5033,88.7488,105.202,69.5766,294.8652,107.7112,88.8563,64.5853
2019-05-01,147.3231,233.1404,97.9746,217.8667,437.026,106.676,36.0924,139.0976
2019-06-01,78.4228,75.5844,111.0243,66.514,165.9263,121.339,38.1568,65.8665
2019-07-01,118.8809,156.4557,88.2152,144.1366,283.7638,97.8505,21.3121,119.0254
2019-08-01,148.4158,241.1358,100.7036,238.1973,395.6972,109.8208,34.6647,181.3737
2019-09-01,77.8068,120.4091,140.8883,109.3489,271.8933,153.4368,51.3416,72.8007
2019-10-01,125.2909,152.8748,77.6792,137.9097,407.1436,80.1329,61.3323,101.8973
2019-11-01,125.6059,190.4445,100.0333,179.6927,306.1303,109.4133,34.8347,120.0637
2019-12-01,175.4046,300.8111,107.3157,314.3351,343.5976,117.2285,31.2883,201.0896
2020-01-01,109.3922,172.0643,110.8865,159.1007,356.7237,118.8241,48.2699,117.5995
2020-02-01,109.1671,79.7488,58.8543,71.8109,198.401,63.7048,25.0429,104.0744
2020-03-01,153.9062,136.7815,36.2798,128.7389,196.6818,38.6273,17.4157,166.6228
2020-04-01,118.9386,68.0506,38.1643,67.4924,88.4755,38.709,41.1565,115.118
2020-05-01,130.9091,118.7709,52.3634,119.0295,102.5618,54.5044,29.6873,127.6206
2020-06-01,150.9705,221.4107,86.5299,214.3016,449.0434,93.1462,38.0861,198.2742
2020-07-01,97.6323,127.4625,104.913,115.406,239.1185,116.9907,29.9975,99.65
2020-08-01,122.4259,102.937,52.9931,94.5363,137.2998,54.2355,37.109,121.5287
2020-09-01,118.202,86.5159,48.6764,87.4654,78.3091,52.6121,17.3651,122.1772
2020-10-01,124.0933,98.1587,47.9147,91.6515,140.7956,52.3532,13.5084,130.3714
2020-11-01,110.2636,135.7097,90.1573,126.9975,247.5777,97.1176,47.6499,119.8709
2020-12-01,134.2553,128.4274,53.1349,115.5612,233.1416,58.4887,12.771,141.3823
2021-01-01,96.7495,109.7189,95.3101,105.921,182.8221,95.0072,76.6828,111.4144
2021-02-01,101.1565,91.5379,78.147,84.9263,142.9561,73.7059,99.0418,107.1907
2021-03-01,127.5754,225.0434,119.2408,217.5934,501.3842,133.761,12.7355,174.2204
2021-04-01,100.7584,134.3645,102.8431,125.9809,264.1682,115.8609,19.8769,107.6558
2021-05-01,68.6044,151.9047,178.7196,142.7035,428.4036,200.7722,43.1929,79.1711
2021-06-01,74.6096,95.5865,133.8273,81.0533,266.3141,149.012,38.8162,74.5938
2021-07-01,80.7855,87.2315,113.7449,79.7407,171.2698,125.8239,32.3917,80.3858
2021-08-01,110.7351,182.8644,120.7023,137.1283,436.5094,134.9316,23.9402,129.2083
2021-09-01,122.4401,214.1586,117.8243,203.6656,265.8404,131.327,23.0679,163.2586
2021-10-01,98.7226,181.3172,135.7639,171.4504,221.5705,152.8002,23.6186,111.5255
2021-11-01,94.3728,114.4282,106.7821,106.9094,158.7138,110.4969,48.1071,98.2024
2021-12-01,99.0408,138.5594,109.6484,94.5426,281.5588,121.4994,45.6263,108.9437
2022-01-01,175.8846,277.8062,92.7121,278.8787,275.4463,101.76,29.2334,240.1553
2022-02-01,172.0839,245.1687,79.4776,248.0348,170.2794,87.7159,19.0221,243.6712
2022-03-01,241.189,328.6205,63.2233,335.9126,229.3755,69.6093,13.9075,294.3547
2022-04-01,190.6133,289.8173,85.4101,293.6215,199.0657,94.3745,28.832,244.022
2022-05-01,176.746,292.76,101.1993,302.8426,103.5397,112.0437,27.448,218.2086
2022-06-01,170.3703,236.463,73.4834,233.56,180.3727,82.3761,9.9109,217.5485
2022-07-01,149.0375,169.8669,58.291,169.9133,121.209,62.5529,27.8503,159.2407
2022-08-01,160.7991,234.2038,83.2511,223.0999,286.818,86.0478,53.7912,184.3232
2022-09-01,172.6259,263.17,87.9405,265.9295,188.0621,98.816,14.0137,214.8031
2022-10-01,312.2581,406.6441,49.4087,426.1754,178.4916,53.6241,16.666,371.0473
2022-11-01,113.3345,165.1758,105.171,125.4229,385.9153,117.4214,22.2919,129.8976
2022-12-01,264.3663,304.7672,30.1768,317.8968,158.1466,33.3012,12.0039,297.8901
2023-01-01,213.8859,267.3101,51.557,273.6987,121.8132,54.4506,22.4424,244.0253
2023-02-01,233.623,284.4999,44.555,293.0475,190.6808,46.3047,25.0353,262.4233
2023-03-01,253.016,364.5251,73.1491,380.8703,156.4127,80.379,28.0689,286.6941
2023-04-01,202.3327,350.9388,109.1933,359.981,208.8426,121.5713,22.4519,249.0754
2023-05-01,143.1908,228.0469,99.0905,227.7037,177.0412,110.1373,31.0946,178.6783
2023-06-01,156.3356,212.8518,75.7543,197.2634,240.8337,82.0586,42.9622,213.7974
2023-07-01,186.3759,274.3286,79.9383,273.6751,160.401,86.911,29.4385,247.6303
2023-08-01,177.7097,252.092,76.1185,256.002,148.5037,83.9953,33.9178,239.0099
2023-09-01,135.1715,190.3875,86.8241,186.1954,150.2672,92.8568,44.288,170.8919
2023-10-01,149.0415,197.7749,76.3406,197.9907,111.3194,81.9682,55.3523,183.0506
2023-11-01,202.4095,318.5089,90.4059,334.2964,92.9563,96.9138,71.3578,246.9442
2023-12-01,247.9044,327.0313,56.5091,338.2056,127.8261,62.1415,10.7269,282.612
2024-01-01,217.4823,277.3055,55.0395,294.7733,71.3528,60.3248,20.12,291.4167
2024-02-01,191.703,239.5819,57.1612,233.1195,179.5324,56.5658,45.5739,217.2597
2024-03-01,196.7867,206.6105,32.8661,206.8092,126.1957,35.2177,14.4469,213.7251
2024-04-01,157.385,208.6867,73.1297,208.7687,155.5618,81.0411,22.226,190.2319
2024-05-01,169.4249,225.7074,69.3896,231.2225,112.7626,76.1737,42.5665,192.0359
2024-06-01,174.9583,257.9781,81.802,262.8518,161.3297,90.044,34.6935,216.8154
2024-07-01,160.4574,193.174,60.0218,196.5581,108.3673,66.9583,12.8491,185.2029
2024-08-01,163.3127,185.1522,53.0766,188.6218,91.2067,58.6559,23.9725,179.5077
2024-09-01,183.6901,235.8734,61.4035,244.5474,99.1432,68.0968,16.7428,214.1092
2024-10-01,223.3932,263.1047,40.5111,273.3387,118.6638,44.7246,15.1414,260.5762
2024-11-01,165.526,212.666,65.454,216.7684,125.8342,62.1413,64.289,190.4501
2024-12-01,179.242,174.6228,31.6092,186.6651,86.4197,34.7281,7.5261,175.9614
2025-01-01,194.6839,239.0595,52.9782,242.3832,155.1097,59.62,5.9296,200.0955
2025-02-01,150.056,227.5759,92.1817,213.714,297.3847,100.4046,10.1691,158.8289
2025-03-01,176.2327,223.1725,61.3234,226.1619,163.4173,67.2849,19.6965,189.0147
2025-04-01,170.7091,184.3797,46.1622,188.576,82.1433,50.3983,20.9669,172.5425
2025-05-01,167.0748,171.6766,42.9941,170.2712,114.0308,47.5386,18.4198,193.6438
2025-06-01,121.7927,153.9504,83.3108,152.8345,111.942,91.8802,31.0346,136.308
2025-07-01,124.9069,158.8886,81.0097,163.6726,74.1381,83.9697,58.7986,134.0879
2025-08-01,83.2083,176.0097,159.0672,171.8883,177.0165,167.9058,108.4881,102.1426
2025-09-01,97.8745,124.0084,102.0285,115.6429,132.0385,104.3169,124.811,108.9427
2025-10-01,86.5148,165.6182,147.9233,173.1511,57.1989,142.7965,227.4804,90.6746
